sid,Name
15673,tunnel
40541,twenty-five twenty-one
26981,dr. romantic season 2
29419,move to heaven
17517,the king’s avatar
18563,unnatural
15203,rebel: thief who stole the people
29595,you are my hero
27491,love and redemption
26436,hospital playlist
40000,happiness
30080,the bad kids
9828,"kill me, heal me"
6548,hanzawa naoki
26121,nobody knows
31163,flower of evil
17992,project s: skate our souls
20324,go go squid!
24100,kingdom season 2
6439,i hear your voice
310,mother
17435,mr. sunshine
33968,one and only
17122,love destiny
24817,strangers from hell
29549,a tale of thousand stars
19893,life on mars
25967,"arthdal chronicles part 2: the sky turning inside out, rising land"
8203,nirvana in fire
4422,reply 1997
30635,missing: the other side
32522,ancient love poetry
5218,battle of changsha
33449,the devil judge
31790,hospital playlist season 2
24350,beautiful world
17803,avengers social club
19412,eternal love of dream
20228,stranger season 2
30568,taxi driver
13672,eternal love
21457,the untamed
32154,kairos
5615,kazoku game
8425,"it's okay, that's love"
20912,arthdal chronicles part 1: the children of prophecy
19646,eulachacha waikiki
29592,love is sweet
20234,the gifted
39499,ghost doctor
36553,youth of may
29745,forever love
15879,stranger
9603,misaeng: incomplete life
18372,my mister
19103,guardian
33051,beyond evil
23940,"3 nen a gumi: ima kara mina-san wa, hitojichi desu"
31058,my little happiness
20696,what's wrong with secretary kim
25968,arthdal chronicles part 3: the prelude to all legends
27201,the romance of tiger and rose
36791,racket boys
6228,the master's sun
29423,falling into your smile
24682,partners for justice season 2
39266,dali and the cocky prince
21310,story of yanxi palace
40911,reset
16415,save me
21473,vagabond
27445,imawa no kuni no alice
36944,our secret
34452,my name
3293,the bridal mask
24726,doctor john
32417,d.p.
32403,mouse
14335,age of youth
23029,arsenal military academy
30933,the long ballad
32425,word of honor
38851,one ordinary day
38545,hometown cha-cha-cha
37850,the penthouse season 2: war in life
29589,it's okay to not be okay
20118,le coup de foudre
28760,hikaru no go
23022,when the camellia blooms
27938,go ahead
24106,designated survivor: 60 days
8944,bad guys
13307,moon lovers: scarlet heart ryeo
16589,kingdom
7731,boku no ita jikan
21424,the guest
6193,cruel city
25404,cross fire
22202,the fiery priest
14999,good manager
33525,you are my glory
30576,18 again
16315,fight for my way
32336,more than blue: the series
27716,squid game
24689,hotel del luna
18138,go back couple
16263,chicago typewriter
13693,w
28594,once again
37983,once again
34845,the day of becoming you
14504,weightlifting fairy kim bok joo
1,1 litre no namida
14334,strong woman do bong soon
15803,my father is strange
25653,sweet home
30561,lovely us
25910,mystic pop-up bar
11029,signal
15585,while you were sleeping
9854,descendants of the sun
32544,navillera
13165,dear my friends
29824,365: repeat the year
17514,live
14692,defendant
33618,law school
33219,vincenzo
16978,ashes of love
5625,nine: nine times time travel
21201,the longest day in chang'an
4237,legend of concubine zhen huan
30797,fall in love
29494,the long night
37487,mad for each other
25623,skate into love
24168,her private life
7989,god's gift: 14 days
8860,full house
34981,shining for one thing
37720,the veil
31251,perfect and casual
35729,to fly with you
29571,"hi bye, mama!"
24734,one spring night
23336,doctor prisoner
11241,hello monster
43070,kieta hatsukoi
214,queen seon duk
6465,two weeks
31292,my unfamiliar family
16937,boku dake ga inai machi
39526,light on me
17986,because this is my first life
32570,all of us are dead
2636,"soredemo, ikite yuku"
22645,the crowned clown
16479,circle
33310,like in the movies
15316,the rise of phoenixes
13824,the sound of your heart
24579,my girlfriend is an alien
21904,love and destiny
33470,my roommate is a gumiho
21398,player
21102,thirty but seventeen
22716,history3: trapped
21179,partners for justice
16894,legend of fu yao
16414,duel
12745,the princess wei young
23625,winter begonia
23932,search: www
29476,my unicorn girl
35839,reunion: the sound of the providence season 2
11838,oh my ghost
17663,mad dog
25405,extraordinary you
1694,city hunter
24230,angel's last mission: love
15017,voice
24988,the sleuth of ming dynasty
26700,a murderous affair in horizon tower
6595,good doctor
38870,semantic error
2937,scarlet heart
32636,lost romance
25779,extracurricular
17669,project s: side by side
30343,train
5207,gu family book
36598,we best love: no. 1 for you
27609,the world of the married
31201,lie after lie
117,iljimae
34788,moonlight
10603,tenno no ryoriban
20834,the rebel princess
29671,the imperial coroner
25621,the tale of nokdu
31437,i told sunset about you
5301,tonbi
6292,ugly alert
33451,lost
23258,the prince of tennis
23388,he is psychometric
3825,queen in hyun's man
24829,kinou nani tabeta?
38451,gameboys level-up edition
4624,vampire prosecutor 2
39359,remembrance of things past
31596,miu 404
23424,put your head on my shoulder
30171,the good detective
30328,intense love
32952,yumi's cells
35453,my fated boy
27471,when the weather is fine
25415,killer and healer
25505,itaewon class
3043,moon embracing the sun
25550,class of lies
13691,juhan shuttai!
488,pride
17158,the smile has left your eyes
11578,kleun cheewit
22506,girl from nowhere
25709,my roommate is a detective
8296,bitter blood
33376,forever and ever
15670,"good bye, my princess"
32167,birthcare center
19503,be melodramatic
19612,the confidence man jp
27747,maiden holmes
66,dong yi
36875,mine
30216,koi wa tsuzuku yo doko made mo
22508,in family we trust
29615,"my love, enlighten me"
21825,dele
17954,a love so beautiful
41146,"work later, drink now"
16698,are you human too?
9884,ouroboros
20235,happy birthday
12514,love o2o
16068,"at a distance, spring is green"
36161,sell your haunted house
34028,sweet teeth
20062,hua jai sila
2569,the princess's man
25348,douluo continent
33259,doom at your service
25688,graceful family
40227,forecasting love and weather
23374,my country: the new age
19847,when we were young
29626,memorist
30560,love scenery
30595,tale of the nine-tailed
17696,misty
41147,through the darkness
20179,come and hug me
34035,crush
20258,100 days my prince
34763,unforgettable love
14972,medical examiner dr. qin
38,sungkyunkwan scandal
13513,five enough
44387,kei×yaku: abunai aibou
40588,blue birthday
10347,a beautiful mind
2950,coffee prince
13163,high&low
16090,the boy next door
26393,ancient detective
3279,god's quiz
33572,hello stranger
16130,queen of mystery
23843,confession
33155,gameboys
22894,detective l
2953,hanazakari no kimitachi e
39,liar game
33141,don't disturb my study
25323,welcome 2 life
2952,hana yori dango 2
17547,the brightest star in the sky
13877,love in the moonlight
13227,memory
2187,god's quiz season 2
10769,angry mom
24917,watcher
3449,a gentleman's dignity
12716,okitegami kyoko no biboroku
12673,kounodori
39133,inspector koo
17312,live up to your name
9090,nobunaga concerto
29998,search
16417,suspicious partner
29951,amanza
13841,99.9: keiji senmon bengoshi
14154,cold case: shinjitsu no tobira
16646,queen for seven days
24030,the nokdu flower
22711,gank your heart
42595,koi desu: yankee-kun to hakujou garu
28950,team bulldog: off-duty investigation
32244,watashitachi wa douka shiteiru
28166,general's lady
22729,reunion: the sound of the providence
31444,into the ring
2929,vampire prosecutor
19732,the legends
20299,lawless lawyer
7248,legal high 2
2951,hana yori dango
22327,young blood
32650,goodbye my princess: director's cut
19384,history2: crossing the line
16268,the guardians
35547,30-sai made dotei da to mahotsukai ni nareru rashii
37447,tengoku to jigoku: psychona futari
23012,romance is a bonus book
33112,zombie detective
13,bloody monday
31519,qing qing zi jin
31,nodame cantabile
33384,jun jiu ling
12322,kiss me
11165,who are you: school 2015
19212,todome no kiss
29196,my forever sunshine
14595,princess agents
44189,the mysterious class
39418,rookie cops
30105,i don't want to be friends with you
13704,another miss oh
27358,ore no hanashi wa nagai
30078,a river runs through it
29555,who are you
3831,ghost
27145,leverage
144,jin
26447,hyena
33185,lovely writer
22187,s.c.i
24170,kill it
20875,the hymn of death
37304,papa & daddy
25306,a little thing called first love
91,maou
286,49 days
29889,find me in your memory
4056,god's quiz season 3
30874,begin again
1911,princess pearl
8424,you're all surrounded
33411,the bond
14279,something about 1 percent
37862,i promised you the moon
36596,we best love: fighting mr. 2nd
11725,d-day
17739,the eternal love
21444,the world between us
23923,novoland: pearl eclipse
14271,ruyi's royal love in the palace
12993,ode to joy
20519,terius behind me
39698,kikazaru koi ni wa riyuu ga atte
2757,tree with deep roots
24264,my holo love
31207,his - koisuru tsumori nante nakatta
10873,missing noir m
26230,pegasus market
40152,"it's okay, that's friendship"
22947,touch your heart
28155,xx
278,spec: birth
27247,tell me what you saw
1334,jin 2
33415,my heroic husband
26277,nagi no oitoma
9955,n no tame ni
38463,the king's affection
32170,go go squid 2: dt. appledog's time
34007,"i'm tee, me too"
25426,"wait, my youth"
20262,handsome siblings
23821,he's coming to me
24968,rookie historian goo hae ryung
21894,gibo to musume no blues
32399,the sword and the brocade
3104,history of the salaryman
3285,king2hearts
16070,my mr. mermaid
19434,meet me @ 1006
30196,start-up
12746,rookie agent rouge
14388,shopping king louie
3007,shinya shokudo 2
20301,black pean
132,mars
37497,why women love
31308,definitely not today
37804,to my star
24,gokusen
35133,love crossed
13681,jealousy incarnate
362,giant
2023,three kingdoms
29991,i've fallen for you
26166,the best of you in my mind
3280,rooftop prince
13596,38 task force
30286,chef hua
33617,the autumn ballad
18235,witch's court
32126,life: senjou no bokura
14404,the k2
17441,somehow 18
40628,idol: the coup
3499,sound of the desert
36384,summer again
2182,warrior baek dong soo
7773,"ashita, mama ga inai"
12811,sassy go go
24144,saka no tochu no ie
1363,can you hear my heart
17903,girls' generation 1979
27436,sunshine of my life
27599,the moon brightens for you
32423,luoyang
11167,mask
24636,radiation house
22989,suparburoot jorm jon: maturot lohgan
17970,the wolf
2925,in time with you
19854,mistress
8839,"marriage, not dating"
5081,doctor x
8636,fated to love you
21432,the lost tomb 2
30770,the silent sea
6226,reply 1994
13290,kaitou yamaneko
15089,surgeons
15718,quartet
1211,thank you
32858,love revolution
22257,tomb of the sea
33396,once we get married
15990,game sanaeha
20575,familiar wife
3535,legal high
16320,school 2017
26690,nothing but thirty
27055,a piece of your mind
4177,"rich man, poor woman"
14747,the crown princess
38498,one the woman
31975,jirisan
8318,border
32670,where your eyes linger
14459,woman of dignity
16487,lovers of the red sky
43842,utsukushii kare
22929,bokura wa kiseki de dekite iru
10648,falling for innocence
26086,the king: eternal monarch
33260,the witch's diner
22343,chugakusei nikki
38615,delicious romance
32302,miss crow with mr. lizard
14225,when a snail falls in love
487,the queen's classroom
24487,special labor inspector jo
34488,flourish in time
17465,legend of yun xi
10085,dear sister
33443,make a wish
26444,grand maison tokyo
23028,the light in your eyes
30275,dating in the kitchen
8769,line walker
25220,catch the ghost
14701,nigeru wa haji da ga yaku ni tatsu
22298,a-teen
14732,the package
262,orange days
34593,be yourself
10691,mondai no aru restaurant
40228,thirty-nine
567,life
27085,the blooms at ruyi pavilion
26486,the love equations
16465,heavenly sword and dragon slaying sabre
23296,lucky's first love
25632,chimera
39553,konto ga hajimaru
5268,special affairs team ten season 2
37796,nijiiro karute
674,shinya shokudo
30220,a girl like me
30943,please classmate
76,mr. brain
5711,amachan
27643,professional single
35282,the rational life
3866,prince of lan ling
38201,influence
14130,"bring it on, ghost"
39745,kotaro wa hitorigurashi
24971,once upon a time in lingjian mountain
30,my girlfriend is a gumiho
8174,boss & me
115,gto
25867,in a class of her own
13267,kazoku no katachi
289,time between dog and wolf
13854,go ho's starry night
15312,because of meeting you
18663,miss hammurabi
16419,hit the top
18656,suits
42516,shadow beauty
10945,the disguiser
14033,boku no yabai tsuma
469,kekkon dekinai otoko
29960,my girl
23865,moment at eighteen
22554,find yourself
17443,argon
33534,couple of mirrors
486,the legend
23806,theory of love
29310,rattan
23367,love better than immortality
4077,the innocent man
13819,the good wife
16071,crisis: kouan kidou sousatai tokusou-han
9391,leh nangfah
21035,wok of love
32948,mada mada koi wa tsuzuku yo doko made mo
30942,poisoned love
17324,black
14784,jimi ni sugoi! koetsu garu kono etsuko
14635,the legend of the condor heroes
366,black & white
42008,junkyouju takatsuki akira no suisatsu
22673,so i married an anti-fan
39764,omameda towako to sannin no motootto
50,"bread, love and dreams"
26222,all-boys high
44335,first love again
14396,general and i
13520,the mystic nine
13721,noble aspirations
9365,mama
29407,be with you
30700,meeting you
1573,moonlight resonance
13473,back to 1989
21855,my id is gangnam beauty
17407,project s: spike
1140,"i'm sorry, i love you"
17293,secret of three kingdoms
8369,the journey of flower
14328,tomorrow with you
23800,dark blue kiss
4052,legend of lu zhen
6598,woman
8071,god's quiz season 4
24875,anata no ban desu
2608,journey to the west
41195,the comments
25322,"ore no sukato, doko itta?"
17459,kahogo no kahoko
26118,ping pong life
5809,soratobu kouhoushitsu
136,the slave hunters
23804,blacklist
31700,do you like brahms?
1387,long vacation
22717,history3: make our days count
3583,kagi no kakatta heya
27573,let's fight ghost
19098,the most beautiful goodbye
35480,neechan no koibito
97,"my boss, my hero"
34263,mysterious love
18182,"okusama wa, tori atsukai chui"
2508,legend of the condor heroes
11064,algernon ni hanataba wo
33204,"hello, me!"
22641,it's okay to be sensitive
32301,the sleepless princess
3832,faith
30878,the victims' game
32223,she would never know
14173,suki na hito ga iru koto
37959,the penthouse season 3: war in life
33622,oh! my sweet liar!
32254,with you
19226,children of a lesser god
16655,100-manen no onna-tachi
20279,khun mae suam roy
8857,kindaichi shonen no jikenbo n
37052,shanai marriage honey
13564,padiwaradda
23008,tokusatsu gagaga
34986,on the verge of insanity
78,dream high
114,love shuffle
35891,you are my spring
12535,she was pretty
14974,lost love in times
2719,the vigilantes in masks
19986,all is well
33414,stand by me
28811,one fine week
5196,mahoro ekimae bangaichi
14397,memory lost
29409,dance of the sky empire
316,life is beautiful
23819,a gift to the people you hate
41343,kanojo wa kirei datta
26564,fake princess
21675,your honor
12344,twenty again
36855,imitation
92,code blue
13558,marriage contract
31989,twenty-twenty
23285,when the devil calls your name
175,the quiz show 2
37627,juvenile justice
3078,shut up: flower boy band
22764,before we get married
21344,princess silver
650,iryu team medical dragon
25578,reset life
10657,ho goo's love
41114,hakozume: tatakau! koban joshi
33990,gokushufudo
3370,the hippocratic crush
14989,shinya shokudo - tokyo stories
17248,tientsin mystic
2954,you're beautiful
42764,saiai
21459,eagles and youngster
13193,rinsho hanzai gakusha himura hideo no suiri
13857,high&low season 2
3004,nankyoku tairiku
2633,scent of a woman
21988,haechi
24759,v.i.p
21666,the secret life of my secretary
31365,miman keisatsu: midnight runner
9613,st aka to shiro no sousa file
12728,uncontrollably fond
8578,wakamono tachi
17611,the first half of my life
30223,you are so sweet
11933,dokgo rewind
15659,boy hood
1542,the greatest love
29673,the journey across the night
30469,the temperature of language: our nineteen
25096,just one bite season 2
18373,something in the rain
10101,sutekina sen taxi
26380,first romance
34660,"hello, the sharpshooter"
14469,aogeba toutoshi
14893,oh my general
29965,song of youth
17154,chef fang
16740,together with me
26452,dr. brain
22168,take my brother away
27726,shinya shokudo - tokyo stories season 2
2081,forensic heroes
10007,shinya shokudo 3
2990,kaseifu no mita
616,byakuyako
26344,to love
23094,just dance
43280,adult trainee
7767,emergency couple
20678,ossan's love
33365,octogenarian and the 90s
25674,"fujoshi, ukkari gei ni kokuru"
15198,"attention, love!"
20361,bloody romance
13259,pied piper
36710,"uchi no musume wa, kareshi ga dekinai!!"
16932,falsify
11681,dinner mate
5546,karamazov no kyodai
9865,mare
23911,great men academy
23861,w.h.y.
15215,the emperor: owner of the mask
9264,the three musketeers
51,tumbling
29414,mr honesty
17957,keiji yugami
5009,osozaki no himawari
9816,gomenne seishun!
13269,"please come back, mister"
23573,spring turns to spring
10299,heart to heart
19316,where the lost ones go
38756,police university
276,galileo
16904,meteor garden
34942,girl from nowhere season 2
5562,yakou kanransha
32459,undercover
651,iryu team medical dragon 2
20191,signal: choki mikaiketsu jiken sosahan
43708,rinko-san wa shite mitai
32374,kiss goblin
35432,you're my sky
29493,the love by hypnotic
101,ryusei no kizuna
39208,here's my plan
39662,love is science?
23319,symphony's romance
15482,hokuto
23812,3 will be free
8097,gap dong
19457,miss sherlock
19805,accidentally in love
8402,witch's romance
24783,in hand
1289,last friends
15317,across the ocean to see you
18641,cross
30792,insect detective
33574,boys' lockdown
33383,please feel at ease mr. ling
29744,stealth walker
25488,followers
31856,go into your heart
21475,likit haeng jan
36294,so not worth it
25221,psych-hunter
23686,i don't love you yet
46,iris
19920,devilish joy
25672,love of thousand years
26141,dakara watashi wa oshimashita
4884,"that winter, the wind blows"
24804,chief of staff
41019,the great shaman ga doo shim
3581,arang and the magistrate
25361,fairyland lovers
26905,anata no ban desu - counterattack
13631,u-prince: the crazy artist
20073,miracle that we met
15446,queen of the ring
34479,he's into her
12381,wu xin: the monster killer
14079,my amazing boyfriend
17412,nueng dao fah diew
25446,the lies within
33489,make my heart smile
48,buzzer beat
6594,just you
19504,ototo no otto
25294,court lady
2949,runaway - aisuru kimi no tame ni
30944,qing luo
17822,love playlist
17284,red balloon
23721,you are my destiny
20848,goodbye to goodbye
19268,tonari no kazoku wa aoku mieru
38243,you make me dance
23567,hajimete koi wo shita hi ni yomu hanashi
25498,the song of glory
17679,our glamorous time
35605,17.3 about a sex
25110,love affairs in the afternoon
33785,bossam: steal the fate
675,hwang jin yi
15651,strongest deliveryman
19428,nice witch
1291,"good life - arigatou, papa. sayonara"
250,city hall
13634,u-prince: the badly politics
30728,boku dake ga 17-sai no sekai de
37932,horimiya
69,shining inheritance
37838,meet me outside
32805,"oh, mando!"
30569,well dominated love
30796,my dear guardian
38804,be loved in house: i do
11950,last
16640,an oriental odyssey
41286,would you like a cup of coffee?
13295,one more happy ending
19302,anone
12669,siren
22041,heart surgeons
11162,the lover
24909,perfume
38497,be my dream family
21696,i hear you
220,my lovely sam soon
22674,sweet revenge season 2
27148,twenty your life on
27281,g-senjou no anata to watashi
33803,a female student arrives at the imperial college
36801,kishibe rohan wa ugokanai
29614,mr. fox and miss rose
22704,abyss
20850,the count of monte-cristo: great revenge
399,return of the condor heroes
10963,the girl who sees scents
2224,karei naru ichizoku
17844,age of legends
11579,piang chai khon nee mai chai poo wised
13393,sparrow
39149,nishiogikubo mitsuboshi youshudou
21364,where stars land
16816,hospital ship
19251,kuragehime
42,koizora
36290,memory of encaustic tile
23212,fall in love
18374,a poem a day
31243,closer to you
23685,the naked director
34781,the mermaid prince: the beginning
31275,because of love
452,trick 3
3290,my husband got a family
14353,ie uru onna
27366,dr. cutie
27454,2gether
18464,the dark lord
24045,big issue
38247,be my boyfriend
11938,my beautiful bride
6031,itazura na kiss: love in tokyo
12014,mrs. cop
8115,doctor stranger
24825,just an encore
15865,the flame's daughter
41235,no boundary season 2
12253,37.5°c no namida
251,bara no nai hanaya
26110,dating class
174,boss
8297,my sunshine
33467,youkai sharehouse
11839,the whirlwind girl
5555,saikou no rikon
34580,46 days
1496,ikebukuro west gate park
23321,love in between
35192,river where the moon rises
43453,avalanche
10575,gakkou no kaidan
32202,girl next room: richy rich
25471,the chang'an youth
19708,switch: change the world
1475,my bratty princess
25,gokusen 2
33702,mr. heart
15645,the fox's summer
24914,i started following romance
23858,the stranded
22472,smoking
17140,cambrian period
15444,introverted boss
166,rookies
38770,scripting your destiny
3815,ataru
26708,sapai import
21098,unrequited love
21258,wake up ladies
31188,kkondae  intern
20259,love by chance
34549,lie to love
30876,the centimeter of love
5792,35 sai no koukousei
21240,miss independent ji eun
19626,marry me now
15111,nothing gold can stay
551,tiger & dragon
15314,the journey
22507,the judgement
21097,youth
17952,youth
10693,someone like you
22670,just one bite
3084,strawberry night
7759,bride of the century
2429,yuusha yoshihiko to maou no shiro
25128,how to hate you
777,beautiful life
24409,why r u?
30224,no boundary
20401,switched
12403,evil minds
645,kisarazu cat's eye
19383,history2: right or wrong
29417,girlfriend
21100,secret mother
38947,"hello, my youth"
19476,thong ek: the herbal master
16688,wednesday 3:30 pm
20059,jao sao jum yorm
37996,nihon chinbotsu: kibo no hito
19191,we are peaceful brothers
40108,colorful love: genderless danshi ni aisareteimasu
10418,the scholar who walks the night
22924,legal v
419,the painter of the wind
19317,should we kiss first?
154,tantei gakuen q
9607,gto: remake season 2
36981,love under the full moon
34392,the psychologist
36732,love at night
27400,don't leave after school
31459,unsung cinderella: byoin yakuzaishi no shohosen
24910,forest
383,sora kara furu ichioku no hoshi
12755,the village: achiara's secret
37926,oh! my boss! koi wa bessatsu de
19390,my engineer
16404,"boku, unmei no hito desu"
41513,given
27357,sherlock: the untold stories
450,trick
27395,beautiful time with you
23582,the eight
15518,the legend of dugu
25073,the great show
447,"sekai no chuushin de, ai wo sakebu"
17586,"hanbun, aoi"
8096,cunning single lady
1178,sad love story
8471,come! jang bo ri
27635,love designer
12270,ishi no mayu
84,orthros no inu
16338,the destiny of white snake
22351,matrimonial chaos
39445,black cinderella
25657,the world of fantasy
41226,promise cinderella
33457,the justice
29668,sweet first love
23194,our skyy
18585,ashi girl
9186,plus nine boys
483,chinese paladin
15919,naked fireman
24781,the fallen leaf
13218,mr. nietzsche in the convenience store
32900,the trick of life and love
20422,nee ruk nai krong fai
8762,kanojo wa uso wo aishisugiteru - sidestory
34843,#remolove: futsuu no koi wa jado
15614,shikaku tantei higurashi tabito
409,good luck!!
24090,chasing ball
40640,melancholia
29379,all i want for love is you
32872,joseon exorcist
32255,truth or dare
24996,mood indigo
23680,trace: kasouken no otoko
22744,kakegurui season 2
652,iryu team medical dragon 3
273,nagareboshi
34021,cute programmer
16484,20th century boy and girl
26438,kore wa keihi de ochimasen!
8632,glorious day
118,hong gil dong
600,kamisama mou sukoshi dake
815,ja myung go
13673,addicted heroin
19097,grand prince
25904,mada kekkon dekinai otoko
24695,"itsuka, nemuri ni tsuku hi"
41764,the tasty florida
22512,never say goodbye
25745,money game
17012,saki ni umareta dake no boku
660,road number one
34611,party a who lives beside me
8678,flower grandpa investigation unit
13487,doctors
20967,your house helper
39255,renai mangaka
526,cain and abel
13879,man to man
20183,listening snow tower
12822,5-ji kara 9-ji made
40408,enjiya
27216,the cursed
15708,the taoism grandmaster
14211,kimi wa petto
38080,ichikei no karasu
21353,a journey to meet love
27416,best mistake
23043,trap
22156,my husband in law
31276,ni chang
13646,refresh man
26503,good casting
30333,my lonely planet
34666,blackout
1846,ice world
33900,city of streamer
31293,how to buy a friend
15028,the king in love
30544,oh my baby
13590,"my lawyer, mr. jo"
21968,payakorn sorn ruk
16173,the king's woman
1336,marumo no okite
11176,leh ratree
17039,the fox's summer season 2
40855,you raise me up
15123,you're my destiny
5378,the incarnation of money
451,trick 2
7376,cuo dian yuan yang
29890,soul mechanic
3167,romance in the rain
33712,out of the dream
31265,ending again
2956,nobuta wo produce
32390,be my cat
27132,the game: towards zero
2637,don quixote
39034,secret royal inspector & joy
15025,my only love song
16449,the cupids series: kammathep sorn kol
491,lucifer
29943,when my love blooms
34792,shitteru waifu
11924,like love
19971,todome no parallel
1551,beach boys
27671,jark sadtroo soo hua jai
23071,feel good to die
23822,the sand princess
32245,my dangerous wife
12206,omotesando koukou gasshoubu
9809,seirei no moribito
29619,kidnapping game
33565,love unexpected
31264,the world of my 17
14845,chef: mitsuboshi no kyushoku
29895,theseus no fune
1506,change
28454,sisyphus: the myth
4854,priceless
13726,gasohug
17462,seventeen
38161,fish upon the sky
19105,novoland: eagle flag
28837,miss gu who is silent
15481,the perfect match
14822,suishou no kodou
28942,dear my name
33115,the wolf princess
15773,mangaban nobushi no gurume
13995,beautiful gong shim
41,devil beside you
16059,criminal minds
415,engine
21209,room no. 9
15108,nang ai
13054,song huajai nee puea tur
24050,hello again!
18923,different dreams
29401,"always have, always will"
23249,mr. fighting
16299,haha ni naru
18647,return
18218,longing heart
27105,twisted fate of love
35387,marry me!
21866,candle in the tomb: the wrath of time
29271,like
27503,rebirth for you
33367,timing
25150,walk into your memory
19247,momikeshite fuyu
33952,single & ready to mingle
18269,sweet dreams
7080,swords of legends
13993,lucky romance
9954,the lost tomb
30873,way back into love
32887,my dear lady
18087,the big boss
12576,i wanna be sup'tar
26771,my first first love 2
11042,ugly duckling series: don't
30580,out of breath
17575,sweet combat
12200,yong pal
791,jejoongwon
11043,yokoso wagaya e
28338,parallel love
40418,"hold on, my lady"
8871,tawipob
17095,my love from another star
14208,on the way to the airport
29047,cat's bar
21772,l.o.r.d. critical world
14463,decoded
38409,"muchuu-sa, kimi ni"
5200,jang ok jung
13816,omukae desu
21365,the ghost detective
16448,the cupids series: sorn ruk kammathep
37,goong
19092,long time no see
31624,chip-in
8615,the imperial doctress
42413,remember you
16331,reverse
18359,moonshine and valentine
32880,fah mee tawan
19421,kakegurui
35576,kono koi atatamemasu ka
19120,bg: personal bodyguard
9507,ban shu legend
14122,cheewit puer kah huajai puer tur
35915,shinbun kisha
19748,sketch
11343,my love eun dong
24908,flower crew: joseon marriage agency
3858,tiger cubs
30805,hello mr. gu
2977,shiroi haru
31271,sparkle love
23402,love is deep
6024,last cinderella
37053,your sensibility my destiny
24129,when you love yourself
22212,"miss ma, nemesis"
23048,my first first love
13424,cinderella and the four knights
26,gokusen 3
13738,diary of tootsies
42770,see you after quarantine?
13626,u-prince: the lovely geologist
24378,use for my talent
13316,watashi wo hanasanaide
27,tokyo dogs
43986,moebius: the veil
7398,singing all along
27320,count your lucky stars
16450,the cupids series: kammathep jum laeng
23061,2 moons 2
20399,chihayafuru: tsunagu
2666,meitantei conan
247,shinzanmono
27472,doki no sakura
27321,everything and nothing
25357,no secrets
183,guilty akuma to keiyakushita onna
16424,the journey 2
148,hammer session!
8897,duang jai akkanee
242,bokura no yuuki
12429,awl
6148,shark
22535,dorokei
42026,romanced
30036,the life of the white fox
23722,novoland: the castle in the sky 2
25982,the best ending
13260,the flower in prison
27662,shujin-ko
26435,and the winner is love
26134,lupin no musume
2761,the little fairy
17824,"your highness, the class monitor"
8883,game rai game rak
29591,love is all
20223,love at first hate
14192,whisper
14746,my little princess
25494,the plough department of song dynasty
12025,tantei no tantei
204,a man's story
23429,miss truth
13636,the royal gambler
24780,to get her
14683,suna no tou - shiri sugita rinjin
24775,flavour it's yours
11012,neung nai suang
14961,tokyo tarareba musume
9604,modern farmer
55,tatta hitotsu no koi
23653,to be with you
23810,love beyond frontier
5164,yuusha yoshihiko to akuryo no kagi
11340,hidden identity
24830,"watashi, teiji de kaerimasu"
12793,thumping spike
8111,secret love affair
15710,rule the world
189,seigi no mikata
201,sign
23363,renascence
19255,joshi-teki seikatsu
19749,short
9913,divorce lawyers
20112,tra barb see chompoo
22715,legend of the phoenix
25572,jiu liu overlord
30806,miss the dragon
30037,dear herbal lord
1574,heart of greed
41015,night doctor
41351,the best story
7792,twenty years old
17282,rakshasa street
772,beyond the realm of conscience
11127,i'm home
9622,suikyuu yankees
4352,a step into the past
14177,wanted
34574,innocent
28981,the silent criminal
8418,alice no toge
9887,lah ruk sut kob fah
8761,high school king of savvy
827,daisuki!!
13128,sapai jao
22954,nice to meet you
33540,meeting you loving you
14589,novoland: the castle in the sky
11301,exo next door
32400,heart of loyalty
2833,schemes of a beauty
23036,legend of awakening
31615,time flies and you are here
20430,i will never let you go
23813,angel beside me
41189,don't say no
17476,paen rai long tai wa rak
11949,late night restaurant
30812,best mistake season 2
15768,let's shake it!
21901,"not alright, but it's alright"
7132,legend of hua mulan
13595,ms. temper & nam jung gi
11260,mother game
6775,tokyo bandwagon
231,"freeter, ie o kau."
12033,tamiou
38162,enchanté
3562,yellow boots
24918,doctor detective
14249,on ijou hanzai sousakan todo hinako
29540,backstreet rookie
32634,mae krua kon mai
20269,flower ever after
26793,deep in my heart
16379,band of sisters
25048,the wind blows
8223,hotel king
21769,the legend of hao lan
2723,is - otoko demo onna demo nai sei
2991,doctors saikyou no meii
2151,can't buy me love
39966,here is my exclusive indulge
25126,justice
296,winter sonata
16214,king maker: the change of destiny
16478,sakurako-san no ashimoto ni wa shitai ga umatteiru
13331,love that makes you cry
34061,35sai no shoujo
89,stars falling from the sky
819,ima ai ni yukimasu
25279,storm eye
19829,"dragon day, you're dead season 2"
27083,the blessed girl
31625,do do sol sol la la sol
17533,caught in the heartbeat
8932,pin anong
41505,stuck on you
18333,unexpected
16873,"gomen, aishiteru"
10328,shine or go crazy
18612,the golden eyes
2643,the mysteries of love
21896,sm:)e
22355,my woofy poofy love
146,ninkyo helper
13889,mirror of the witch
24967,hakui no senshi!
17,yamato nadeshiko shichi henge
7527,"loving, never forgetting"
17351,"aishite tatte, himitsu wa aru"
11039,ugly duckling series: perfect match
6542,limit
896,evasive inquiry agency
13136,the cupids series: kammathep hunsa
17660,sanae rak nang cin
29564,girl2k
26214,love a lifetime
24095,my fellow citizens!
8329,triangle
16362,the masked lover
32134,sixteen shoukougun
37693,kakenai!?: kyakuhonka yoshimaru keisuke no sujigaki no nai seikatsu
17179,uchi no otto wa shigoto ga dekinai
37293,serendipity
607,manhattan love story
17793,granting you a dreamlike life
16558,final fantasy xiv: hikari no otousan
18,personal taste
27144,the birth of the drama king
21306,the great ruler
25866,mountains and ocean
32181,pop out boy!
7151,the suspicious housekeeper
38020,history4: close to you
27595,marry me
14550,till death tear us apart
21944,takane no hana
14200,love is more than a word
963,demi gods & semi devils
33319,love like white jade
29963,the sweet girl
21519,top management
655,kim soo ro
17211,only side by side with you
37851,high class
30054,i need romance
21,atashinchi no danshi
14372,drinking solo
14359,fighter of the  destiny
34052,my dear brothers
32168,falling into you
24572,the love lasts two minds
14245,cinderella formula
281,new tales of gisaeng
10692,date - koi to wa donna mono kashira
29616,my supernatural power
25781,well-intended love season 2
19560,"dragon day, you're dead"
13748,yutori desu ga nani ka
12606,jang young shil
12810,samurai sensei
6482,scandal
254,autumn tale
33492,times
43,kurosagi
39666,rikokatsu
24942,dive
7297,hard nut!
1110,dal ja's spring
9056,hormones
8675,the way we were
24745,secret boutique
640,my lucky star
22007,kaew klang dong
10032,subete ga f ni naru
16447,the cupids series: loob korn kammathep
32686,monthly magazine home
44166,find me if you can
14178,baek hee has returned
27734,the ghost bride
6045,kasuka na kanojo
16431,tae pang korn
29444,hotel trainees
13807,entertainer
17593,massaya
5929,two fathers
40130,ano toki kiss shite okeba
33455,the underclass
13521,leh lub salub rarng
22677,hello debate opponent
3781,w no higeki
7655,3 days
18532,my classmate from far far away
16496,secret seven
9048,khun chai pawornruj
27461,dear mayang street
22602,bangkok love stories 2: plead
22377,kekkon aite wa chusen de
14197,better man
34586,talio fukushu daiko no futari
24151,mother of mine
34137,okane no kireme ga koi no hajimari
8143,cruel romance
13606,revive
37123,detention
8631,gunman in joseon
41501,love & wish
11218,murphy's law of love
9827,love sick
7691,dr. dmat
28349,lookism
4694,queen of ambition
17728,my hero series: heart of the motherland
31250,my bargain queen
4865,akumu-chan
10243,untouchable lovers
19274,tempted
9359,roy fun tawan duerd
14967,ngao asoke
6683,ko one re-act
10559,ghost writer
15,smile
16080,see you again
32749,oyabaka seishun hakusho
21414,cinderella chef
18181,juuyou sankounin tantei
25652,melting me softly
27548,my neighbour can't sleep
977,d.i.e.
27601,forget you remember love
9522,secret door
14823,fukuyado honpo - kyoto love story
5139,piece
37037,plot love
33718,the secret of  love
421,obstetrics and gynecology doctors
565,summer snow
368,that fool
8689,yoo na's street
17335,last minute romance
23527,my ambulance
150,dragon zakura
164,joker yurusarezaru sousakan
31230,the wonder woman
9373,hi! school - love on
29659,dance of the phoenix
21341,my girlfriend
7087,perfect couple
15807,good morning call: our campus days
3795,xuan-yuan sword: scar of sky
37438,wish you: your melody from my heart
35405,good and evil
20854,the legend of white snake
31309,you complete me
8859,wanida
19756,panthakan rak
5100,aozora no tamago
25344,mirror: a tale of twin cities
39134,convenience store fling
29613,midsummer is full of love
32387,dear diary
2907,the heaven sword and dragon saber
12817,underwear
26179,oops! the king is in love
9764,luead mungkorn: suea
24001,something just like this
13862,far away love
10996,fuben na benriya
29415,love in time
13452,fifteen years to wait for migratory birds
8653,pleasantly surprised
5541,saki
26427,cupid's kitchen
7159,cheo yong
33837,sweet sweet
27329,in-seoul
9014,thara himalai
27062,aku no hado
94,down with love
8592,shinigami-kun
22094,bad papa
19147,iron ladies
20050,my poseidon
15513,my secret romance
7943,beyond the clouds
9510,roy ruk hak liam tawan
22,kimi wa petto
9444,aoi honoo
14117,views of love: grey rainbow
11580,nang rai tee rak
9999,destined to love you
25496,onzoshi boys
14587,pretty li hui zhen
8936,panyachon kon krua
6237,take five - oretachi wa ai wo nusumeru ka
2879,little girl k
14596,fantastic
8913,raeng pradtanaha
30634,dark hole
1111,damo
492,yasha
8879,discovery of romance
3023,love rain
14826,q series: life plan a and b
23586,want more 19
2632,protect the boss
17953,dear prince
15644,my romantic some recipe
34905,who is the murderer
2947,11 nin mo iru!
39155,by stealth like you
2245,taiyou no uta
1174,resurrection
20216,wolf
26172,marn bang jai
24402,crushes reverse
30629,eternal love rain
12979,nightmare teacher
13309,dame na watashi ni koishite kudasai
29918,ugly beauty
1889,a sleeping forest
21905,let me introduce her
22683,kemono ni narenai watashitachi
12685,ice fantasy
17534,here to heart
13030,higanbana: keishicho sosa nana ka
43838,better a lie than a truth
8084,lady & liar
22718,no time for love
25954,the legend of xiao chuo
16893,gay ok bangkok 2
7136,yorozu uranaidokoro onmyoya e yokoso
38645,sassy beauty
98,hidarime tantei eye
11183,ex-girlfriend club
208,summer's desire
10831,heard it through the grapevine
14180,q series: love of sandstorm
5570,fabulous boys
5557,biblia koshodou no jiken techou
87,prosecutor princess
10456,kageri yuku natsu
73,hotaru no hikari
605,unfair
969,haken no hinkaku
12567,moorim school
45,pasta
4064,triumph in the skies
14008,hot girl
34948,my heart
18298,in youth
23811,endless love
19942,i cannot hug you season 2
14340,prince of wolf
22655,crocodile and plover bird
25074,tokyo dokushin danshi
27629,the guilty secret
561,yamada taro monogatari
37691,my queen
12808,okashi no ie
32955,my bubble tea
30235,amensalism
13628,u-prince: the badass baker
16132,radiant office
31550,watashi no kaseifu nagisa-san
35458,honey sir
26246,not a robot
19267,radio romance
17684,king is not easy
16142,bunlang dok mai
37586,nothing but you
21870,sachiiro no one room
4036,swordsman
22892,buried city to shut all lights
7236,kurokouchi
17270,hi flower
41352,pumpkin time
16570,my dear loser: monster romance
1196,surgeon bong dal hee
16859,mr. swimmer
3827,ooku: the inner chamber
9523,the spring day of my life
16486,sisters-in-law
2603,zenkai girl
31870,hellbound
14021,thumping spike 2
23365,roy leh marnya
17073,reunited worlds
353,holyland
24146,yuube wa otanoshimi deshita ne
1425,flowers for my life
25060,lovely swords girl
7393,s: saigo no keikan
21862,obsessed with heart
12457,because it's the first time
10975,super daddy yeol
14406,siege in fog
20222,mint to be
735,swallow the sun
13538,sekai ichi muzukashii koi
19549,my husband oh jak doo
23186,ie uru onna no gyakushu
21238,sunny again tomorrow
14865,career
16598,"bad thief, good thief"
31260,bishoku tantei akechi goro
7258,ando lloyd - a.i. knows love ?
79,proposal daisakusen
33217,my day
20425,together with me: the next chapter
13137,the cupids series: kamathep online
10651,love through a millennium
7447,after school: lucky or not
7645,kinkyu torishirabeshitsu
5528,all about my romance
1097,all in
12643,"noble, my love"
13900,senior secret love: bake me love
3075,waking love up
13629,u-prince: the single lawyer
13034,otona joshi
42376,something in my room
9962,ab ruk online
27665,rugal
27109,so wayree
23814,turn left turn right
8884,torranee ni nee krai krong
19389,final cut
20753,the undateables
24377,"meow, the secret boy"
120,zettai reido
38911,emperor or boss
2873,kingyo club
24907,the night of the comet
7255,miss pilot
1312,capital scandal
13633,u-prince: the ambitious boss
33938,unusual idol love
13138,the cupids series: kamathep ork suek
16316,kizoku tantei
2922,a thousand days' promise
15559,a life
17423,gintama: mitsuba hen
15109,game maya
29959,consummation
24515,well-intended love
24003,the demon master
25327,everyone wants to meet you
537,koshonin
14806,legend of the dragon pearl: the indistinguishable road
5252,flower boy next door
39362,in your heart
28788,love story of court enemies
26084,unlucky ploy
11212,the producers
18586,lying heart
7243,the virtuous queen of han
39315,the queen of attack
22801,i'm a pet at dali temple
30616,crime puzzle
33439,love of summer night
3244,aishiteiru to ittekure
15671,tears in heaven
19743,hana nochi hare: hanadan next season
37781,red eyes: kanshi sousa-han
542,bad family
745,the prince who turns into a frog
16483,"love, timeless"
23808,boy for rent
17969,suddenly this summer
29144,eccentric! chef moon
568,majo no jouken
33674,payu sai
6564,pin to kona
23434,taste of cat
2955,boys over flowers
36989,timeless love
40102,love kome no okite: kojirase joshi to toshishita danshi
35497,cry me a river of stars
319,wonderful life
10310,"i am sorry, i love you"
1390,love generation
21810,witch's love
36963,reflection of you
3106,risou no musuko
14373,woman with a suitcase
523,the return of iljimae
12667,moon river
8524,rock 'n' road
32382,the spies who loved me
436,zeni geba
13154,fragile
429,silence
42897,the ingenuity of the house husband
15699,love for a thousand more
272,tree of heaven
34330,stop! miss hua
1127,glass slippers
1539,drunken to love you
33366,mute
5794,sennyuu tantei tokage
17389,my girlfriend's boyfriend
8383,angel eyes
35921,maid escort
14036,aquarium girl
25466,my dear destiny
30236,record of youth
29609,youth unprescribed
39625,hometown
23607,liver or die
717,beautiful days
38889,100% era
22926,tourist
4460,too late to say i love you
30339,she is the one
3452,the queen of sop
252,itoshi kimi e
18651,never gone
21649,my true friend
18243,the evolution of our love
2262,to the beautiful you
38290,"breakup probation, a week"
21863,blowing in the wind
16041,love alarm
6543,love around
41763,the other half of me and you
17693,rak kan panlawan
29840,failing in love
16455,history1: obsessed
24728,the charming step mom
14753,delicious destiny
14419,"unmei ni, nita koi"
24197,the sound of your heart: reboot season 2
13215,chronicle of life
37488,a camellia romance
23563,love in sadness
32203,girl next room: security love
41392,fragrance of the first flower
173,the quiz show
38324,youths in the breeze
42515,heartbeat broadcasting accident
18435,from survivor to healer
16561,queen dugu
14437,rang tawan
11041,ugly duckling series: boy's paradise
17056,temperature of love
39602,koi wa deep ni
6120,the heirs
1706,h2: kimi to ita hibi
16228,2 moons
35029,love o'clock
30527,4 reasons why i hate christmas
24555,re-feel
382,the x-family
40087,peach of time
14212,toki wo kakeru shoujo
8290,naeil's cantabile
10417,splendid politics
18079,ima kara anata wo kyouhaku shimasu
1920,star in my heart
5125,sugarless
54,master of study
14787,men with sword
9054,ton ruk rim rua
15601,stairway to stardom
34157,the lost tomb 2: explore with the note
15243,shuttle love millennium
462,"haikei, chichiue-sama"
2893,watashi ga renai dekinai riyuu
30425,"yameru toki mo, sukoyaka naru toki mo"
13785,our house
2762,gye baek
191,unubore deka
33487,in love with your dimples
2966,nazotoki wa dinner no ato de
32946,lover or stranger
25584,i wanna hear your song
18531,"to love, to heal"
14216,"soshite, dare mo inaku natta"
141,"delightful girl, choon hyang"
1849,papa to musume no nanokakan
1439,heartstrings
25483,"soshite, ikiru"
16609,my story for you
14778,plerng naree
1188,soulmate
725,secret investigation record
25749,prom pissawat
659,all about eve
37340,oh my drama lover
20056,destiny's love
29741,soul plate
8391,yowakutemo katemasu
25946,"maybe, maybe not"
473,long love letter
36305,"nevertheless,"
8990,dok ruk rim tang
13782,love song
552,brother beat
11882,a daughter just like you
3977,heartbeat love
33296,celestial authority academy
71,my princess
15658,negotiator
29662,su yu
11023,ngao jai
30397,alibi kuzushi uketamawarimasu
19295,yellow
15728,the endless love
267,densha otoko
11163,warm and cozy
13624,u-prince: the playful comm-arts
161,gumiho: tale of the fox's child
25876,triple fling
9706,dao kiang duen
26178,anniversary anyway
43141,konin todoke ni han wo oshita dake desu ga
7372,49
14490,"the starry night, the starry sea"
74,hotaru no hikari 2
24498,praomook
17167,face off
12771,legend of nine tails fox
22957,society obsessed with love
1570,bump off lover
2995,"me too, flower!"
304,reinoryokusha odagiri kyoko no uso
5515,"nakuna, hara-chan"
431,osen
142,q10
18551,first love story season 2
2320,kindaichi shonen no jikenbo 3
24447,your imagination becomes reality
32201,girl next room: midnight fantasy
26611,scams
2327,alone in love
13695,love @ seventeen
23936,khing kor rar khar kor rang
3094,saikou no jinsei no owarikata - ending planner
9213,majurat see nam pueng
14774,death note new generation
31105,because of you
7565,wonderful days
17439,the king of blaze
2939,yokai ningen bem
17754,memory love
7728,princess of lanling king
16835,make it right 2
20076,rich family's son
14630,kenja no ai
13363,sumika sumire
16631,mengfei comes across
5744,heaven's order
21811,survival wedding
20180,gakeppuchi hotel
29550,the shipper
10278,the classic of mountains and seas
16043,master devil do not kiss me
420,last scandal
30222,the heiress
1329,umareru.
30081,weaving a tale of love
21492,risky romance
26306,graceful friends
22931,i picked up a star on the road
13425,9 seconds: eternal time
5857,the queen of office
2219,ouran high school host club
17564,about time
23854,oxygen
36307,love scene number
8894,sawan biang
15514,banana actually
15827,"totsuzen desu ga, ashita kekkon shimasu"
31563,en of love: love mechanics
9036,sud sai pan
21340,youniverse
33433,hook
6623,kamen teacher
27372,pure
4307,five fingers
5726,a clear midsummer night
107,the fugitive: plan b
30613,yanxi palace: princess adventures
1355,mukodono!
494,atami no sousakan
194,14-sai no haha
19566,4 kinds of house
12618,"good-bye, mr. black"
1108,couple or trouble
7617,"never give up, dodo"
25523,the rules of love
10545,unkind women
1109,crazy for you
4375,may queen
14024,buang hong
8288,vampire detective
2112,mop girl
3081,wild romance
8713,legend of fragrance
1199,tazza
27143,mia archeep
26331,cheat my boss
14857,muean khon la fark fah
1338,asuko march!
18240,the ambiguous focus
32182,romance talking
23020,my mowgli boy
4446,ghost mama sousasen
22688,for married doctress
31750,private lives
3240,the 3rd ward
17776,river flows to you
17753,revolutionary love
39217,my handsome roommate
36,zettai kareshi
43264,my sweet dear
30452,raise de wa chanto shimasu
2261,ikemen desu ne
17432,bokutachi ga yarimashita
13878,the master of revenge
13625,u-prince: the extroverted humanist
302,yasuko to kenji
96,juui dolittle
44,yankee-kun to megane-chan
33689,dok go bin is updating
15045,rakuen
11939,when i see you again
2994,new my fair princess
3294,sealed with a kiss
27226,remember my boy
268,rescue
3001,sengyou shufu tantei ~watashi wa shadow
33563,fall in love with a scientist
21570,hello dear ancestors
6254,golden empire
10714,"oniichan, gacha"
4695,monsters
29661,sisyphus
243,spring waltz
16766,five
13637,good morning call
18201,fate
56,oh! my lady
5933,bad boys j
42517,gourmet in tang dynasty
24488,prodigy healer
1598,lie to me
11305,my best ex-boyfriend
13640,my little baby
5613,you are the best!
10267,"hyde, jekyll, me"
17469,let's only walk the flower road
18637,part-time idol
406,the vineyard man
12662,to be continued
23857,triad princess
14879,iq246: kareinaru jikenbo
43354,mokkoji kitchen
37637,trial marriage
4387,beginners!
4379,higashino keigo mysteries
1422,jungle fish 2
550,taiyo to umi no kyoshitsu
19145,the sound of your heart: reboot
16452,koo za rot zab
200,big thing
31635,real:time:love
13630,u-prince: the gentle vet
468,9 end 2 outs
16571,my dear loser: edge of 17
11503,ishitachi no renai jijo
12140,love relationship
113,kaibutsu kun
27497,to my beautiful woo ri
354,shibatora
23581,princess at large
10,samurai high school
13722,part time
3830,golden time
43907,bite sisters
22960,"go, back diary"
36824,must you go?
20201,my robot boyfriend
738,gourmet
40689,the yearbook
30706,love & the emperor
5082,kekkon shinai
13209,mr. x and i season 2
10066,boarding house #24
299,three dads one mom
20000,love is in the air
29411,legend of two sisters in the chaos
17116,mr. right
16690,lovers in bloom
11247,the time we were not in love
2846,introduction of the princess
287,majo saiban
29321,"honey, don't run away"
40395,falling in love
34623,falling in love
19365,ten years late
29966,the legend of jin yan
36276,replay: the moment when it starts again
17772,first love story
15713,ms. perfect
8964,cubic
27773,the witch store
13739,"it's not that i can't marry, but i don't want to"
1311,hotelier
284,crime squad
17406,meloholic
18932,between friendship and love
5906,otenki onee-san
391,lady - saigo no hanzai profile
17529,jojo's world
22652,item
20887,luv pub
3907,in between
238,biscuit teacher and star candy
13135,the cupids series: kamathep prab marn
17366,saboriman kantarou
833,control - hanzai shinri sousa
14324,swimming battle
19200,kimi ga kokoro ni sumitsuita
13789,babysitter
24832,ossan's love: in the sky
1200,what happened in bali
11236,about love
11500,kokoro ga pokitto ne
13167,transit girls
8981,dao kiao duen
4249,what is love
38155,baker boys
33865,wong wien hua jai
35455,the sweetest secret
14800,one more time
14042,second to last love
9257,kha khong khon
10972,house of bluebird
2542,material queen
35265,summer guys
5728,the virus
32607,ordinary but special
43207,kissable lips
11132,dos deka
36380,the flaming heart
18478,blossom in heart
6734,yamada-kun to 7-nin no majo
13930,gay ok bangkok
15507,tomodachi game
108,the woman who still wants to marry
21973,jao sao chang yon
292,sweet 18
13928,demon girl
64,sunao ni narenakute
10189,blood
18185,teenage mom
27893,pretty man 2
1008,on air
14436,i see you
321,kiina
3700,ti amo chocolate
39496,princess! you have five husbands!
2678,tempest
25580,guardians of the ancient oath
17271,god of lost fantasy
37829,second chance
2451,love keeps going
13533,puer tur
16176,hito wa mita me ga 100%
11134,yume wo ataeru
22458,hannari girori no yoriko-san
2931,flower boy ramen shop
31749,more than friends
38158,irresistible
6629,summer nude
3254,feast of the gods
11017,chinese hero zhao zi long
16456,history1: stay away from me
38302,kingyo tsuma
9244,a different kind of pretty man
6467,my pig lady
6175,dating agency: cyrano
14705,tong: memories
20837,my absolute boyfriend
8370,fall in love with me
2184,my mvp valentine
10878,divorce lawyer in love
38578,the road: the tragedy of one
23337,tower of babel
755,sunny happiness
1011,which star are you from?
151,a love to kill
721,deka wanko
16926,honou no tenkousei reborn
41487,chijo no kiss
13897,senior secret love: my lil boy
10414,best get going
40725,love area part 1
14352,koe koi
22112,tofu personified
7702,can we love?
41557,oshi no oujisama
16270,frankenstein no koi
19216,rak rai
41663,the moment the heart shines
9250,wayupak montra
29545,was it love?
17968,my love from the ocean
34405,pure melo district
1907,remote
19225,denei shojo: video girl ai 2018
12955,fake couple
5542,nobunaga no chef
36716,uncle cool
4464,sweet sweet bodyguard
358,ogon no buta
95,why why love
23992,the twin flower legend
3085,hungry!
282,twinkle twinkle
2902,shokuzai
6186,birth secret
311,troubleman
34807,revolutionary sisters
1030,"what's up, fox?"
27484,busu no hitomi ni koishiteru
19189,rich man
14478,touching you
25869,golden garden
244,uta no onii-san
9026,raeng ngao
23931,broker
312,the world that they live in
3448,the equator man
6041,fallen angel
40385,wonderful fate
31304,tokyo love story
17974,tokyo alice
27519,touch
3631,mirai nikki
168,majisuka gakuen
13173,madame antoine
24915,love as you taste
9545,kinkyori renai: season zero
19084,mob psycho 100
14142,yes! mr. fashion
14371,sweet stranger and me
11319,the crossing hero
26120,alice
16908,people you may know
325,mioka
1330,inu wo kau to iu koto
24564,emperors and me
14921,rush to the dead summer
105,smiling pasta
9838,love cheque charge
8593,first class
11459,the secret message
13172,missing 9
14493,the bride of habaek
22159,when time stopped
13123,princess hours
39973,dear uranus
15452,positive physique
1224,when it's at night
3847,holy land
16664,unknown woman
1787,iris 2
39776,her bucket list
10826,majisuka gakuen 4
41201,boku no satsui ga koi wo shita
12894,seishun tantei haruya: otona no aku wo yurusanai!
16399,koi ga heta demo ikitemasu
15489,vivid romance
10743,dream knight
5077,tokyo zenryoku shoujo
4047,best time
390,yoiko no mikata
13627,u-prince: the absolute economist
7784,shark
30310,l.u.c.a.: the beginning
38916,love is phantom
41183,siew sum noi
36985,"nabi, my stepdarling"
3612,witness insecurity
8880,trot lovers
12367,royal sister returns
16265,love actually
41441,country boy
24391,the school nurse files
685,gloomy salad days
563,stand up!!
23308,possessed
7763,angel's revenge
215,easy fortune happy life
1227,women of the sun
18336,one and another him
385,lunch queen
3839,shiritsu bakaleya koukou
3713,"i  do, i do"
15512,long for you
24758,takane to hana
28,mei-chan no shitsuji
34438,quaranthings
8373,big man
45026,the love of winter
43909,chapter of green
457,i really really like you
2115,little mom scandal
11536,we broke up
9053,roy marn
1013,wish to see you again
8461,golden cross
9245,the cage of love
677,if in love like them
1812,majisuka gakuen 2
25199,nine kilometers of love
24358,"let's eat something, anna"
10530,second love
12583,alchemist
9788,kyou wa kaisha yasumimasu
16150,"love, just come"
1555,tsubasa no oreta tenshitachi
181,godhand teru
34045,call it what you want
317,dr. champ
768,lawyers of korea
4354,soumatou kabushikigaisha
88,1 pound no fukuin
31263,born again
2204,hana kimi remake
13039,sweet temptation
1443,at dolphin bay
43492,the man's voice
1335,jotei
10016,jigoku sensei nube
31901,mairunovich
9675,my secret hotel
121,real clothes
10427,singles villa
1910,lovers in paris
413,misaki number one!!
3783,mikeneko holmes no suiri
16551,ani ni aisaresugite komattemasu
33169,snow lover
404,attack no.1
22759,best chicken
17486,if paris downcast
10675,longing for spring
235,hot shot
12146,les interprètes
17737,boku wa mari no naka
40969,check out the event
14804,matching! boys archery
4791,ma boy
25025,level up
7424,dokushin kizoku
6289,goddess of fire
25665,reminders
2729,hi wa mata noboru
3093,operation proposal
10505,"persevere, goo hae ra"
13091,the fire series 2: talay fai
17816,beloved enemy
10412,diamond lover
36771,i fell in love by accident
6131,wonderful mama
26903,monchouchou globalhouse
13601,proud of love
3053,fondant garden
13443,happy home
42626,love at first taste
205,ms. kim's million dollar quest
128,a man called god
17003,hip hop teacher
15597,fox in the screen
417,clone baby
24279,the effect
13898,senior secret love: puppy honey
20220,kiss me again
32117,mia jum pen
5997,monstar
9238,mia taeng
430,"que sera, sera"
9251,pathapee leh ruk
14175,hapimari: happy marriage!?
33461,nitiman
25676,freshman
33669,my gear and your gown
14,natsu no koi wa nijiiro ni kagayaku
1752,friends
9020,tawan tor saeng
15464,all out of love
10544,spy
402,juunen saki mo kimi ni koishite
25722,gisou furin
2527,kamen rider decade
1161,phoenix
14444,lovey dovey
703,green rose
18100,borg mom
23474,i hate you juliet
12586,bubblegum
13674,hello mr. right
12564,the eccentric daughter-in-law
3531,can love become money
442,"tamra, the island"
10271,love's relativity
37846,mermaid prince
36571,next door witch j
9434,surplus princess
29560,girl next room: motorbike baby
8119,mimi
20962,between
32267,yyy
3447,toshi densetsu no onna
15958,diamond lover (special cut)
12913,good time
2370,myung wol the spy
9206,oum ruk
31209,be together
14565,as long as you love me
14285,"seisei suruhodo, aishiteru"
19516,holiday love
12759,local hero
31973,guilty: kono koi wa tsumi desuka
11577,roy leh sanae rai
28357,standing in the time
6820,medical top team
23007,yg future strategy office
9521,mr. back
4343,miss rose
386,partner
86,ghost friends
2680,vacation
644,bad couple
81,attention please
16516,haru ga kita
326,the man who can't get married
23784,kono koi wa tsumi na no ka!?
13439,"mars - tada, kimi wo aishiteru"
19,playful kiss
490,who are you?
2882,boku to star no 99 nichi
1835,the rose
3704,alice in wonder city
32866,lonely enough to love
378,call of the country
13922,click your heart
32179,the moment since
32353,she knows everything
19674,swing to the sky
13114,best lover
1652,ying ye 3+1
35122,ben x jim
4278,panda and hedgehog
12842,romance blue
428,p.s. man
3973,secret angel
9080,night watchman's journal
1175,robber
37823,y-destiny
99,my fair lady
23290,wind-bell
10464,my heart twinkle twinkle
27078,i have three boyfriends
22359,love and fortune
16464,ice fantasy destiny
274,minami-kun no koibito
458,q.e.d.
6819,inspiring generation
33902,today office tomorrow romance
720,soul
683,temptation of an angel
785,kou kou kyoushi 2003
43258,"tsumari suki tte iitai n dakedo,"
9,taisetsu na koto wa subete kimi ga oshiete kureta
15869,my runway
13617,u-prince:  the handsome cowboy
63,ohitorisama
3778,goodbye dear wife
5525,xxxholic
3801,papadol!
26485,young and beautiful
1037,pink lipstick
9605,best wedding
13949,make it right
21130,irreplaceable love
449,himitsu no hanazono
348,meitantei no okite
43162,super rich
12385,the girl in tassel earring
27245,motokare mania
1195,summer scent
3560,when love walked in
15248,game payabaht
31783,to all the guys who loved me
571,queen of housewives
17668,ito-kun a to e
11695,girl of 0am
453,strawberry on the shortcake
159,innocent love
23894,dying eye
1888,romance
23906,my dear warrior
8526,wild chives and soy bean soup: 12 years reunion
16509,senior secret love: puppy honey 2
7777,nazo no tenkousei
35240,"legally, dad"
609,shokojo seira
12508,falling in love with a rival
769,around 40
12632,prison school
6388,starman - this star's love
31957,peanut butter sandwich
493,"sang doo, let's go to school"
14771,super star academy
119,otomen
226,scrap teacher
3088,full house take 2
40128,takane no hana-san
830,shiawase ni narou yo
186,nihonjin no shiranai nihongo
35042,craving you
40487,golden blood
2092,antique
4832,say that you love me
24864,one page love
5353,a hundred year's inheritance
30323,shining like you
646,thorn birds
22757,2 brothers
13304,kasa wo motanai aritachi wa
18512,romance special law
15490,hot and sweet
497,the legend of brown sugar chivalries
2602,hanawake no yon shimai
9569,time spiral
3388,saba doru
8751,apple in your eye
27740,adventurous romance
38179,love poison 2
24873,ghostderella
285,royal family
9665,likit kammathep
7603,"please remember, princess"
16457,history1: my hero
16836,magic school
1540,sunshine angel
41768,love in black hole
7513,infinite power
2101,absolute boyfriend
10168,love cells
36721,why love why
342,seito shokun!
2988,kaito royale
10965,dr. ian
398,oh! my girl!!
392,she is nineteen
294,abarenbo mama
109,anego
40433,nobleman ryu's wedding
134,beethoven virus
15735,the miracle
1222,wedding
1964,loveholic
19592,unexpected heroes
1651,the magicians of love
27672,how to be thirty
10431,room alone
25350,persona
1143,legend of hyang dan
31564,en of love: this is love story
370,futatsu no spica
1465,tokyo friends
33479,brothers
908,super rookie
21474,lovely horribly
2974,mitsu no aji
869,let's watch the meteor shower again
4374,haeundae lovers
14673,bad romance
14639,war of high school
19055,dark blue and moonlight
34811,dalgona
42880,douse mou nigerarenai
42571,my mate match
269,meteor garden ii
39766,risky
4342,to my beloved
10349,the family is coming
196,together
1400,how to meet a perfect neighbor
582,great inheritance
15264,momo salon
2296,deep love ~ ayu's story ~
6095,"i summon you, gold!"
1159,only you
15777,please find her
116,tokujo kabachi!!
49,cinderella's sister
2767,jiu
10188,be arrogant
290,corner with love
20499,'cause you're my boy
12069,age harassment
288,i am legend
8116,her lovely heels
30430,love poison
85,yukan club
741,successful story of a bright girl
10543,my unfortunate boyfriend
9242,temptation
30453,kono otoko wa jinsei saidai no ayamachidesu
11426,the man in the mask
1165,powerful opponents
9615,vampire flower
3372,twelve men in a year
30283,love at 7-11
20,mary stayed out all night
1541,baby-faced beauty
14139,women at a game company
12085,ramen daisuki koizumi-san
11,midas
30716,fai sin chua
5517,king flower
8960,roy lae sanae luang
271,invincible lee pyung kang
36561,my fuxxxxx romance
4473,majisuka gakuen 3
5516,share house no koibito
4027,big
35926,bokura wa koi ga hetasugiru
30808,ju-on: noroi no ie
13793,dramaworld
11302,mai sin rai fai sawart
14065,bong soon: a cyborg in love
1009,lovers in prague
460,bartender
1147,love marriage
17794,pretty man
15810,kuzu no honkai
8294,love & life & lie
16604,water boyy
556,gakko ja oshierarenai!
14887,the fairy fox
23687,perfect crime
8302,aftermath
12740,hakuouki ssl: sweet school life
713,zhong wu yan
23255,only kiss without love
13043,falling for do jeon
440,puzzle
35667,sensei wo kesu houteishiki
868,let's go watch meteor shower
9392,sanaeha sunya kaen
498,strongest chil woo
192,delicious gakuin
31334,long khong
5291,spring love
42433,peng
19144,that man oh soo
13559,choco bank
1184,"smile, again"
30415,love by chance 2: a chance to love
422,ace wo nerae!
38846,close friend
17935,i am...
22925,can i hug you tonight?
13792,tomorrow boy
125,bambino!
27410,nighttime
39699,bad roommate
6243,she is wow!
236,konkatsu!
33578,calculating love
1160,over the rainbow
39484,my fake wife
2755,beautiful love: if you're here
22811,the best twins
6603,basketball
3098,"take care of us, captain"
31102,when i was the most beautiful
100,romantic princess
39730,hidden love
37440,unguarded
13449,lily fever
38557,cinderella is online
38316,b x j forever
456,attic cat
11040,ugly duckling series: pity girl
11102,orange marmalade
7227,unemployed romance
264,"sore wa, totsuzen, arashi no you ni.."
34663,3b no koibito
7687,shitsuren chocolatier
5612,when a man's in love
3936,i love lee tae ri
754,get karl! oh soo jung
6705,her legend
139,becoming a billionaire
17332,slam dance
25125,sweet munchies
2869,can't lose
25094,otto no chinpo ga hairanai
744,that love comes
4296,scarlet heart 2
37471,7 project
9802,my lovely girl
1156,my sweet seoul
489,hanayome to papa
43904,love with benefits
38732,momoiro anzuiro sakurairo
298,a game about love
197,1% of anything
752,prince's first love
13585,kiss
21441,roop thong
3343,salamander guru and the gang
16675,beyond light years
18045,fluttering warning
1788,poseidon
153,hachimitsu to clover
34407,hook up
20238,love in memory
31152,nibiiro no hako no naka de
162,paradise farm
43649,your playlist
8969,jao sao rim tang
10377,love frequency 37.2
145,binbo danshi
6592,akuryo byoutou
9663,blade man
133,kami no shizuku
6435,sword and flower
35880,friend forever
1653,woody sambo
12676,mr. bodyguard
5548,advertising genius lee tae baek
23734,number six
39481,i  can see your mbti
1901,snow white
42813,eroi kareshi ga watashi wo madowasu
6198,all esper dayo!
15431,momin's room
29551,oh my boss
21653,another me
580,boku dake no madonna
22072,the third charm
34727,boyband love
1014,my love patzzi
33377,kare ga boku ni koishita wake
26774,coffee & vanilla
8358,another parting
18356,re:mind
5109,7th grade civil servant
931,thousand years of love
2941,the empress
666,nine tailed fox
184,celeb to binbo taro
43944,a beauty of revenge
127,witch yoo hee
18310,final life
2758,arakawa under the bridge
20698,mama fairy and the woodcutter
30449,homeroom
10157,the best future
3559,time slip dr. jin
13736,entourage
160,miss no good
27616,make it live: on the beach
275,cat street
149,brown sugar macchiato
3774,k-pop - the ultimate audition
2682,sweet room
2980,glory jane
403,gachi baka!
22662,bungaku shojo
23405,boys dormitory
4311,the thousandth man
1331,shima shima
22866,"coffee, do me a favor"
485,18 vs. 29
35931,love (ft. marriage and divorce)
7771,lost days
1183,single dad in love
16944,so sanaeha
155,rh plus
38803,star with a secret
1966,we are dating now
172,sapuri
16572,choose
147,tsuki no koibito
25750,yuri dano kan dano
35566,loveless society
165,heading to the ground
26396,junichi
12343,28 faces of the moon
15638,love to our youth: he falls in love with him
2622,birdie buddy
1438,manny
32806,sakristan
17518,beautiful reborn flower
11846,summer love
38137,my toxic lover
3060,my shining girl
34199,bite me
18005,my boyfriend
11710,the flatterer
35834,the sweet blood
394,style
25419,en of love: tossara
34840,goedam
1450,rolling love
555,anna-san no omame
27435,thank god it's friday
14883,swap
2894,the musical
16327,i love my president though he's a psycho
14241,my vampire boyfriend
27129,key love
21605,my dream
6284,goddess of marriage
110,coffee house
5067,ohlala couple
17916,i am your king
306,hello! miss
35501,discipline z: vampire
369,calling for love
1596,romance town
68,koishite akuma
31116,so much in love
32427,my extraordinary
13180,she is 200 years old
182,goong s
2513,100 scene no koi
2398,hayate the combat butler
14201,me and mr. x season 3: goodbye mr. x
301,itazura na kiss
6104,nail shop paris
169,mendol
295,love contract
5936,le jun kai
36631,be love
12872,start love
11244,jumping girl
5796,vampire heaven
499,freeze
25783,capture lover
12582,intouchable
1131,hanoi bride
33513,bro and me
611,p.p.o.i.
24870,i am your king 2
35659,oh my ladylord
255,i am your teacher
411,mackerel run
38092,top secret together
12943,missing korea
14128,how are you bread
13224,delicious love
12629,under the black moonlight
33424,truly very yours
1557,miss ripley
13602,shiratori reiko de gozaimasu!
41860,hometown's embrace
13160,detective alice
18160,what the duck
16321,trace of the hand
229,vampire host
829,muscle girl
15606,what's up with these kids!?
979,exhibition of fireworks
11099,love detective sherlock k
26200,with love
20653,kareshi wo loan de kaimashita
433,summer x summer
33486,my boy
20963,parfait tic
39280,deal lover
1797,jungle fish
40685,married first then fall in love
193,tokyo juliet
39622,evening café
6959,marry him if you dare
16271,the underwear
12628,magic cell phone
12226,prince's prince
1644,tadashii ouji no tsukurikata
1298,boku to kanojo no xxx
10489,doll house
339,triple
8637,a new leaf
593,princess princess d
12661,immutable law of first love
496,one fine day
34202,the cupid coach
15753,109 strange things
1323,rebound
45472,love destiny uncut
41634,mystery to iunakare
36164,royal nirvana special
34446,minning town
39835,dine with love
29964,royal feast
44110,koisenu futari
26532,a little reunion
44472,oi handsome!
39148,higashino keigo samayou yaiba
8011,gunshi kanbei
22020,the ordinary glory
27642,reborn
23063,growing pain
1316,ohisama
22361,toumei na yurikago
15074,hiyokko
39474,love beneath the stars
31350,the rebel
45877,please don't spoil me season 3
15088,the advisors alliance
19443,natsuzora
30422,kotaki kyodai to shikuhakku
22227,showa genroku rakugo shinju
529,ryomaden
32901,the ideal city
6783,hanako to anne
43889,kamiki ryunosuke no satsukyu
44405,fight song
786,comrades
33242,okaeri mone
25962,miss s
30445,kokoro no kizu wo iyasu to iu koto
27433,yong jiu grocery store
22787,dai renai: boku wo wasureru kimi to
8594,roosevelt game
39996,grid
27605,never say never
41072,tokyo mer: hashiru kinkyuukyuumeishitsu
36538,ore no ie no hanashi
33980,my treasure
42009,junkyouju takatsuki akira no suisatsu 2
36650,the in-laws
43325,cherry blossoms after winter
40915,lion no oyatsu
30562,new face
41765,iribito
939,gegege no nyobo
43049,shinhannin flag 2
25924,i will find you a better home
15056,pitsawat
16703,mi wo tsukushi ryouricho
22821,waiting for you in the future
19203,krong karm
27495,project 17: side by side
18345,day and night
40107,the debut
14606,finding soul
34030,crossroad bistro
43303,danger zone season 2: the silver lining
34547,satsui no michinori
44690,fuujinshi
7774,iryu team medical dragon  4
34130,operation: special warfare
44543,kishibe rohan wa ugokanai season 2
23704,bureau of transformer
9103,the sixth sense 2
26826,hotarugusa
34424,dear parents
28554,the little nyonya
12733,shitamachi rocket
44376,rokuhodo yotsuiro biyori
615,home drama
6410,bread and soup and cat weather
731,gou - himetachi no sengoku
2820,hikari to tomo ni... ~ jiheishou-ji wo kakaete ~
26138,we are all alone
40539,tracer
1552,sandglass
25544,black lighthouse
37635,koko wa ima kara rinri desu
36808,light the night
27680,candle in the tomb: the lost caverns
5204,yae no sakura
32795,candle in the tomb: the worm valley
41382,zenkamono
31362,rental nan mo shinai hito
14105,kiseki no hito
9752,death notify: the darker
43341,unlucky girl!
959,odoru daisousasen
17913,kangoku no ohimesama
773,atsu hime
14132,totto tv
45613,please don't spoil me season 2
15999,super family
38132,kakegurui twin
25566,run for young
13282,a fist within four walls
15348,lost in 1949
3964,kodoku no gurume
33974,love forever after
43429,wadake no otokotachi
5911,"hur jun, the original story"
15233,legal mavericks
34136,truth
24476,zekkyou
21903,a thousand goodnights
9093,the sixth sense
17372,burning ice
41365,kazoku boshu shimasu
19795,big white duel
43569,can you deliver time? 2002
11509,"liquid - oni no sake, kiseki no kura"
14179,yuusha yoshihiko to michibikareshi shichinin
2318,kindaichi shonen no jikenbo
641,aishiteru
2982,the young warriors
20479,dolce amore
16654,akira to akira
2319,kindaichi shonen no jikenbo 2
9208,soot sanaeha
23762,visible lie
33379,marvelous women
32646,game of outlaws
18620,age of rebellion
2311,"the great king, sejong"
16745,kinkyu torishirabeshitsu 2
11114,yami no bansosha
23626,the listener
33800,are we alright?
952,rosy business
27287,ruk laek pop
25543,healer of children
9269,manee yard fah
42824,49 days with a merman
5872,gods of honour
2750,the duke of mount deer
40166,chef wa meitantei
12823,onna joushu naotora
38515,higuma
43408,dakara korosenakatta
44127,dr. white
2437,dr. koto shinryojo
26578,high&low the worst episode.0
15076,the last cop 2
6000,the condor heroes 95
9212,petero no souretsu
16046,detective samoyeds
29469,crash! insignificant roommates
16519,rak nakara
44437,itoshii uso: yasashii yami
30187,my ride
1464,my rosy life
3097,saigo kara nibanme no koi
29842,hamura akira - sekai de mottomo fuunna tantei
26090,two weeks
19199,hot blooded youth
34897,koisuru hahatachi
15967,emergency department doctors
44909,to.two
24255,the fearless
26304,crash landing on you
38160,not me
22877,sky castle
33230,the red sleeve
17704,just between lovers
9779,healer
40370,our beloved summer
30023,ultimate note
6540,empress ki
16435,prison playbook
17426,the story of ming lan
29629,f4 thailand: boys over flowers
14118,goblin
40612,bad and crazy
32583,sword snow stride
261,jewel in the palace
33448,the uncanny counter
11303,reply 1988
38157,bad buddy
21412,joy of life
6776,my love from the star
14615,dr. romantic
15103,nirvana in fire season 2: the wind blows in chang lin
11937,six flying dragons
23065,children of nobody
32166,mr. queen
27336,hot stove league
2525,kamen rider w
15214,oh my geum bi
11312,asa ga kita
16524,sotus s
13732,sotus
22267,encounter
24385,tharntype
20959,memories of the alhambra
2940,high kick! the revenge of the short legged
4788,"seo yeong, my daughter"
19525,die now
38154,55:15 never too late
34422,lovestruck in the city
17458,my golden life
29433,kiss scene in yeonnamdong
15273,behind your smile
22851,nakark kaew
14494,candle in the tomb
27003,"beautiful love, wonderful life"
12570,i have a lover
19806,colourful bone
19107,lion pride
3032,brain
5585,zyuden sentai kyoryuger
2957,fermentation family
12533,love cuisine
16862,my dear boy
21864,time teaches me to love
18068,doubtful victory
16058,andante
22604,bangkok love stories 2: innocence
23280,five missions
13632,u-prince: the foxy pilot
10074,birth of a beauty
7547,the king's face
23403,the lion's secret
14488,o-negative
710,kimcheed radish cubes
1041,once upon a time in saengchori
340,hana kimi
1089,golden bride
33624,pearl next door
29995,"nee sensei, shiranai no?"
10985,beautiful secret
2891,ring ring bell
36669,influencers
36978,cheat
14424,blow breeze
10362,sweden laundry
37616,the shore
3901,drama go go go
2237,puzzle
18618,hana ni keda mono
199,will it snow for christmas?
9940,boysitter
743,love buffet
19444,manpuku
4711,the return of the condor heroes
3010,garo: makai senki
34883,ace troops
30791,the penthouse: war in life
33603,snowdrop
27511,someday or one day
40,liar game 2
9978,pinocchio
25195,until we meet again
26706,psychopath diary
27100,true beauty
18739,under the power
20067,ever night
80,autumn's concerto
17801,i'm not a robot
32282,run on
11570,love me if you dare
14299,the legend of the blue sea
22044,god's quiz: reboot
656,jumong
17542,a korean odyssey
30919,awaken
15057,solomon's perjury
8878,what happens to my family?
32384,manner of death
5201,school 2013
12542,oh my venus
13112,remember: war of the son
3035,special affairs team ten
38464,bulgasal: immortal souls
58,they kiss again
33582,live on
7,secret garden
27093,sweet tai chi
25790,black dog
38252,rainless love in a godless land
7394,"the king's daughter, soo baek hyang"
22904,my strange hero
32885,uncle
25225,diary of a prosecutor
18065,money flower
2838,kamen rider ooo
33471,secret royal inspector
38022,growing season
57,it started with a kiss
17999,kamen rider build
2760,ojakgyo brothers
13244,hwarang
3282,samurai sentai shinkenger
26909,never twice
20164,legend of fei
20427,on the wings of love
15962,my huckleberry friends
2393,unstoppable high kick
23257,the last empress
21817,royal nirvana
3067,kamen rider den-o
12994,bromance
28463,school 2021
7189,kamen rider gaim
10058,kamen rider drive
8034,ressha sentai toqger
212,the kingdom of the winds
8365,the empress of china
3006,kamen rider fourze
1119,family's honor
7516,let's eat
543,yi san
137,"smile, you"
29618,the romance of hua rong
22684,original sin
39132,the one and only
22668,priest
29594,love the way you are
10024,legend of mi yue
17856,sweet revenge
21433,about is love
24836,dreaming back to the qing dynasty
27262,queen: love and war
4836,family
20268,less than evil
14687,ra raerng fai
14623,kamen rider ex-aid
17523,two cops
32258,"cheat on me, if you can"
12410,all about my mom
239,stairway to heaven
15769,seven of me
384,high kick through the roof!
14251,the gentlemen of wolgyesu tailor shop
20253,love after school
14885,advance bravely
33372,love script
40397,dream garden
7327,the romance of the condor heroes
36008,i am the years you are the stars
30458,rahut rissaya
25787,love with flaws
38138,the leaked
11362,"marry me, or not?"
37800,color rush
39094,young lady and gentleman
3309,kamen rider ryuki
19117,your highness
3318,kamen rider 555
3262,kamen rider blade
16848,waen dok mai
2447,garo
39417,moonshine
1067,emperor of the sea
18820,jugglers
12604,high-end crush
39846,precise shot
4438,horse doctor
33593,please don't date him
1068,save the last dance for me
439,east of eden
4693,the king of dramas
2905,padam padam
3263,kamen rider agito
13902,tribes and empires: storm of prophecy
18765,judge vs. judge
19116,clean with passion for now
15613,bad guys: city of evil
361,the snow queen
26914,please love me
7061,dr. frost
23213,dear my room
10073,legendary witch
1157,new heart
13456,"go princess, go!"
32100,homemade love story
548,k.o.3an guo
7606,in a good way
10231,tarm ruk keun jai
31349,a love so romantic
5039,"love, now"
29563,friend zone 2: dangerous area
3071,inborn pair
10539,seonam girls high school investigators
22287,top star yoo baek
2829,the fierce wife
14964,still loving you
29498,22 flower road
38496,can i step in?
631,sp
475,mysterious incredible terminator
13988,rang mai hua jai derm
12108,minami-kun no koibito - my little lover
33030,the goddess of revenge
13465,morrasoom sawat
33206,delayed justice
31805,hush
22577,sword dynasty
23350,a pledge to god
14956,"i hate you, i love you"
14159,miss in kiss
1209,temptation of wife
1691,what's up?
21996,my only one
2824,office girls
20977,the best moment to quit your job
36992,if voice has memory
17870,i cannot hug you
27577,woman of 9.9 billion
40706,show window: the queen's house
3005,kamen rider kabuto
53,hi my sweetheart
30668,wish woosh 2
1728,skip beat!
21415,yuttakarn prab nang marn
10485,angel 'n' devil
35463,let me off the earth
15046,v-focus
10634,the legend of zu
8867,samee
19231,see you in time
4542,ko one return
22573,dae jang geum is watching
14310,art in love
38159,the player
15051,golden pouch
17993,project s: shoot! i love you
23807,one night steal
6709,wang's family
30982,gen y
1063,lovers
6360,the pursuit of happiness
15788,kon la kop fah
13571,stay with me
20177,fates & furies
18337,love returns
24431,shall we fall in love
6861,potato star 2013qr3
10451,one sunny day
24838,lucky with you
6961,golden rainbow
41527,paint with love
15338,the king of romance
13040,devil lover
10322,thirteen terrors
22639,kamen rider zi-o
17809,untouchable
1185,"smile, dong hae"
3107,switch girl!!
7553,love family
31811,the devil punisher
8967,ruk sutrit
15279,love of aurora
13078,imaginary cat
23874,gangnam scandal
188,"it's okay, daddy's girl"
345,gloria
445,queen of reversals
432,ko one
347,loving you a thousand times
198,creating destiny
12986,"sweet, savage family"
807,lavender
31118,he she it
9880,rosy lovers
2401,100% senorita
5262,"cheer up, mr. kim!"
36643,your home
858,assorted gems
4850,kamen rider wizard
784,love story in harvard
7665,one well-raised daughter
171,athena: goddess of war
24404,flipped
42738,best mistake season 3
12984,taste of love
1197,sweet spy
25044,discipline
4440,the great seer
44721,behind cut
12686,glamorous temptation
401,jigoku shoujo
10313,love and secret
9829,valid love
16917,man in the kitchen
715,star's lover
38124,win jaime's heart
26155,invisible life
4871,glass mask
448,you are my destiny
2086,sweet relationship
18891,black knight: the man who guards me
31221,true ending
7412,one warm word
152,bull fighting
2672,hooray for love
3069,bachelor's vegetable store
33413,tonhon chonlatee
5166,can we get married?
1113,don't hesitate
2552,la robe de mariage des cieux
14977,night light
7590,deja vu
357,cruel love
14454,our gap soon
7215,passionate love
270,momo love
7478,melody of love
1149,marrying a millionaire
38181,you never eat alone
7250,give love away
19542,bangkok g story
528,flames of desire
2673,a thousand kisses
33679,"now, we are breaking up"
783,90 days of love
33844,amore
12550,kamen rider ghost
11291,mia tuean
13194,eating existence
25352,hotel stars
23791,my bromance 2: 5 years later
6741,bel ami
427,love or bread
36049,daughters
19323,like a flowing river
7209,gochisousan
29625,sleepless society: insomnia
2964,carnation
15792,tokyo joshi zukan
33493,"no, thank you"
43716,the revenge
32296,wacko at law
30461,the attorney is the devil
9076,the heavenly sword and dragon sabre
1790,king gwanggaeto the great
24736,the confidence
